--
-- PostgreSQL database dump
--

-- Dumped from database version 11.5
-- Dumped by pg_dump version 11.5

SET statement_timeout = 0;
SET lock_timeout = 0;
SET idle_in_transaction_session_timeout = 0;
SET client_encoding = 'UTF8';
SET standard_conforming_strings = on;
SELECT pg_catalog.set_config('search_path', '', false);
SET check_function_bodies = false;
SET xmloption = content;
SET client_min_messages = warning;
SET row_security = off;

--
-- Name: test_schema; Type: SCHEMA; Schema: -; Owner: test_user
--

CREATE SCHEMA test_schema;


ALTER SCHEMA test_schema OWNER TO test_user;

--
-- Name: uuid-ossp; Type: EXTENSION; Schema: -; Owner: 
--

CREATE EXTENSION IF NOT EXISTS "uuid-ossp" WITH SCHEMA test_schema;


--
-- Name: EXTENSION "uuid-ossp"; Type: COMMENT; Schema: -; Owner: 
--

COMMENT ON EXTENSION "uuid-ossp" IS 'generate universally unique identifiers (UUIDs)';


--
-- Name: implementation_category; Type: TYPE; Schema: test_schema; Owner: test_user
--

CREATE TYPE test_schema.implementation_category AS ENUM (
    'implementation',
    'deployment'
);


ALTER TYPE test_schema.implementation_category OWNER TO test_user;

SET default_tablespace = '';

SET default_with_oids = false;

--
-- Name: implementation; Type: TABLE; Schema: test_schema; Owner: test_user
--

CREATE TABLE test_schema.implementation (
    id text NOT NULL,
    standard_version_id text NOT NULL,
    name text NOT NULL,
    description text,
    organization_id text NOT NULL,
    contact_url text,
    documentation_url text,
    created_at timestamp with time zone,
    updated_at timestamp with time zone,
    environment text,
    version text NOT NULL,
    url text,
    category test_schema.implementation_category NOT NULL
);


ALTER TABLE test_schema.implementation OWNER TO test_user;

--
-- Name: organization; Type: TABLE; Schema: test_schema; Owner: test_user
--

CREATE TABLE test_schema.organization (
    id text NOT NULL,
    name text NOT NULL,
    short_name text,
    url text NOT NULL
);


ALTER TABLE test_schema.organization OWNER TO test_user;

--
-- Name: release_status; Type: TABLE; Schema: test_schema; Owner: test_user
--

CREATE TABLE test_schema.release_status (
    id text NOT NULL,
    status text NOT NULL
);


ALTER TABLE test_schema.release_status OWNER TO test_user;

--
-- Name: standard; Type: TABLE; Schema: test_schema; Owner: test_user
--

CREATE TABLE test_schema.standard (
    id text NOT NULL,
    name text NOT NULL,
    standard_category_id text NOT NULL,
    summary text NOT NULL,
    description text NOT NULL,
    documentation_url text NOT NULL,
    release_status_id text NOT NULL,
    artifact text,
    abbreviation text,
    work_stream_id text NOT NULL
);


ALTER TABLE test_schema.standard OWNER TO test_user;

--
-- Name: standard_category; Type: TABLE; Schema: test_schema; Owner: test_user
--

CREATE TABLE test_schema.standard_category (
    id text NOT NULL,
    category text NOT NULL
);


ALTER TABLE test_schema.standard_category OWNER TO test_user;

--
-- Name: standard_version; Type: TABLE; Schema: test_schema; Owner: test_user
--

CREATE TABLE test_schema.standard_version (
    id text NOT NULL,
    standard_id text NOT NULL,
    version_number text NOT NULL,
    documentation_url text NOT NULL,
    release_status_id text NOT NULL
);


ALTER TABLE test_schema.standard_version OWNER TO test_user;

--
-- Name: work_stream; Type: TABLE; Schema: test_schema; Owner: test_user
--

CREATE TABLE test_schema.work_stream (
    id text NOT NULL,
    name text NOT NULL,
    abbreviation text
);


ALTER TABLE test_schema.work_stream OWNER TO test_user;

--
-- Data for Name: implementation; Type: TABLE DATA; Schema: test_schema; Owner: test_user
--

COPY test_schema.implementation (id, standard_version_id, name, description, organization_id, contact_url, documentation_url, created_at, updated_at, environment, version, url, category) FROM stdin;
org.ga4gh.htsgetreference	9da4ec68-19ca-4603-9d0c-ad62c8e56796	GA4GH htsget	ga4gh implementation of htsget	org.ga4gh	mailto:nobody@ga4gh.org	https://example.org/doc/ga4gh/htsget	\N	\N	production	1.0.0	https://example.org/api/ga4gh/htsget	deployment
org.ga4gh.registry	20dc24de-86a5-4301-a9be-95211469dabd	GA4GH service registry	ga4gh implementation of service registry	org.ga4gh	mailto:nobody@ga4gh.org	https://example.org/doc/ga4gh/registry	2020-03-01 12:30:00-05	2020-07-22 09:26:00-04	\N	1.0.0	https://example.org/api/ga4gh/registry	deployment
\.


--
-- Data for Name: organization; Type: TABLE DATA; Schema: test_schema; Owner: test_user
--

COPY test_schema.organization (id, name, short_name, url) FROM stdin;
org.ga4gh	Global Alliance for Genomics and Health	GA4GH	https://ga4gh.org
org.broadinstitute	Broad Institute	\N	https://www.broadinstitute.org
uk.ac.ebi	European Bioinformatics Institute	EBI	https://www.ebi.ac.uk
\.


--
-- Data for Name: release_status; Type: TABLE DATA; Schema: test_schema; Owner: test_user
--

COPY test_schema.release_status (id, status) FROM stdin;
0	Proposed
1	Approved
2	Legacy
\.


--
-- Data for Name: standard; Type: TABLE DATA; Schema: test_schema; Owner: test_user
--

COPY test_schema.standard (id, name, standard_category_id, summary, description, documentation_url, release_status_id, artifact, abbreviation, work_stream_id) FROM stdin;
htsget	htsget	1	Download hts files	Long description of htsget	https://htsget.org	1	htsget	\N	org.ga4gh.workstream.lsg
cram	CRAM	0	Genomic compression	Longer desc of CRAM	https://cram.org	1	\N	\N	org.ga4gh.workstream.lsg
service-registry	Service Registry	1	Register services	Description of service registry	https://service-registry.org	1	service-registry	\N	org.ga4gh.workstream.discovery
sam	Sequence Alignment Map	0	Genomic reads file format	Long desc of SAM and BAM	https://sam.org	1	\N	SAM/BAM	org.ga4gh.workstream.lsg
vcf	Variant Call Format	0	Genomic variants format	Description of VCF	https://vcf.org	1	\N	VCF	org.ga4gh.workstream.lsg
rnaget	RNAget	1	Download RNAseq matrix	Long description of RNAget	https://rnaget.org	1	rnaget	\N	org.ga4gh.workstream.lsg
refget	refget	1	Get reference seqs	Description of refget	https://refget.org	1	refget	\N	org.ga4gh.workstream.lsg
service-info	Service Info	1	Info about service	Description of service info	https://service-info.org	1	\N	\N	org.ga4gh.workstream.discovery
trs	Tool Registry Service	1	Get Genomic workflows	Longer description of TRS	https://trs.org	1	trs	TRS	org.ga4gh.workstream.cloud
drs	Data Repository Service	1	Platform-agnostic data API	Long desc of DRS	https://drs.org	1	drs	DRS	org.ga4gh.workstream.cloud
phenopackets	Phenopackets	2	Phenotypic data model	Longer desc of Phenopackets	https://phenopackets.org	1	\N	\N	org.ga4gh.workstream.clinpheno
wes	Workflow Execution Service	1	Execute workflows	Long desc of WES	https://wes.org	1	wes	WES	org.ga4gh.workstream.cloud
\.


--
-- Data for Name: standard_category; Type: TABLE DATA; Schema: test_schema; Owner: test_user
--

COPY test_schema.standard_category (id, category) FROM stdin;
1	API
0	FileFormat
2	Schema
3	Policy
\.


--
-- Data for Name: standard_version; Type: TABLE DATA; Schema: test_schema; Owner: test_user
--

COPY test_schema.standard_version (id, standard_id, version_number, documentation_url, release_status_id) FROM stdin;
b3802c7b-2409-43f2-92e8-c01574a7d5cd	drs	1.0.0	https://ga4gh.github.io/data-repository-service-schemas/preview/release/drs-1.0.0/docs/	1
a7b9af1d-926e-4b75-a6a9-c892578fce53	phenopackets	1.0.0	https://phenopackets-schema.readthedocs.io/en/1.0.0/index.html	1
8f09d364-b4ba-4cec-963a-55da7cad4d78	wes	1.0.0	https://ga4gh.github.io/workflow-execution-service-schemas/openapi/workflow_execution_service.swagger.yaml	1
6b50a044-7056-44a7-aae2-327a210087ff	refget	1.0.0	https://github.com/samtools/hts-specs/blob/master/refget.md	1
9da4ec68-19ca-4603-9d0c-ad62c8e56796	htsget	1.2.0	https://github.com/samtools/hts-specs/blob/master/htsget.md	1
11b97c92-b4a0-48b0-9a8e-31fbc1e12fc2	cram	2.1.0	https://samtools.github.io/hts-specs/CRAMv2.1.pdf	1
1fd5101a-593c-495b-9642-bd8af41bb8eb	cram	3.0.0	https://samtools.github.io/hts-specs/CRAMv3.pdf	1
20dc24de-86a5-4301-a9be-95211469dabd	service-registry	1.0.0	https://github.com/ga4gh-discovery/ga4gh-service-registry/blob/develop/service-registry.yaml	1
30325c92-b7fa-4cfe-b2de-26df8065f8f8	service-info	1.0.0	https://github.com/ga4gh-discovery/ga4gh-service-info/blob/develop/service-info.yaml	1
5e64a884-1839-4d10-b69b-4f9d84601a03	sam	1.0.0	https://samtools.github.io/hts-specs/SAMv1.pdf	1
9e8baf14-86b4-4105-a928-342ab1cfb4c7	vcf	4.1	https://samtools.github.io/hts-specs/VCFv4.1.pdf	1
835be12f-cff5-4bce-a860-392bfefd3629	vcf	4.2	https://samtools.github.io/hts-specs/VCFv4.2.pdf	1
ee37184f-82d6-49f6-a062-0e5cc391a4fb	vcf	4.3	https://samtools.github.io/hts-specs/VCFv4.3.pdf	1
efe59fb4-1522-4ddc-9a4e-f1e5dfb52189	rnaget	1.0.0	https://ga4gh-rnaseq.github.io/schema/release/1.0.0/	1
a6a6f7f3-e546-4f26-90bc-70f9dd5dc98a	trs	2.0.0	https://ga4gh.github.io/tool-registry-service-schemas/preview/2.0.0/docs/pdf/index.pdf	1
\.


--
-- Data for Name: work_stream; Type: TABLE DATA; Schema: test_schema; Owner: test_user
--

COPY test_schema.work_stream (id, name, abbreviation) FROM stdin;
org.ga4gh.workstream.lsg	Large Scale Genomics	LSG
org.ga4gh.workstream.discovery	Discovery	\N
org.ga4gh.workstream.cloud	Cloud	\N
org.ga4gh.workstream.duri	Data Use and Researcher Identities	DURI
org.ga4gh.workstream.gks	Genomic Knowledge Standards	GKS
org.ga4gh.workstream.clinpheno	Clinical & Phenotypic Data Capture	Clin/Pheno
org.ga4gh.workstream.dsws	Data Security	\N
org.ga4gh.workstream.rews	Regulatory & Ethics	REWS
\.


--
-- Name: implementation implementation_pkey; Type: CONSTRAINT; Schema: test_schema; Owner: test_user
--

ALTER TABLE ONLY test_schema.implementation
    ADD CONSTRAINT implementation_pkey PRIMARY KEY (id);


--
-- Name: organization organization_name_key; Type: CONSTRAINT; Schema: test_schema; Owner: test_user
--

ALTER TABLE ONLY test_schema.organization
    ADD CONSTRAINT organization_name_key UNIQUE (name);


--
-- Name: organization organization_pkey; Type: CONSTRAINT; Schema: test_schema; Owner: test_user
--

ALTER TABLE ONLY test_schema.organization
    ADD CONSTRAINT organization_pkey PRIMARY KEY (id);


--
-- Name: organization organization_short_name_key; Type: CONSTRAINT; Schema: test_schema; Owner: test_user
--

ALTER TABLE ONLY test_schema.organization
    ADD CONSTRAINT organization_short_name_key UNIQUE (short_name);


--
-- Name: standard_category standard_category_category_key; Type: CONSTRAINT; Schema: test_schema; Owner: test_user
--

ALTER TABLE ONLY test_schema.standard_category
    ADD CONSTRAINT standard_category_category_key UNIQUE (category);


--
-- Name: standard_category standard_category_pkey; Type: CONSTRAINT; Schema: test_schema; Owner: test_user
--

ALTER TABLE ONLY test_schema.standard_category
    ADD CONSTRAINT standard_category_pkey PRIMARY KEY (id);


--
-- Name: standard standard_name_key; Type: CONSTRAINT; Schema: test_schema; Owner: test_user
--

ALTER TABLE ONLY test_schema.standard
    ADD CONSTRAINT standard_name_key UNIQUE (name);


--
-- Name: standard standard_pkey; Type: CONSTRAINT; Schema: test_schema; Owner: test_user
--

ALTER TABLE ONLY test_schema.standard
    ADD CONSTRAINT standard_pkey PRIMARY KEY (id);


--
-- Name: release_status standard_status_pkey; Type: CONSTRAINT; Schema: test_schema; Owner: test_user
--

ALTER TABLE ONLY test_schema.release_status
    ADD CONSTRAINT standard_status_pkey PRIMARY KEY (id);


--
-- Name: release_status standard_status_status_key; Type: CONSTRAINT; Schema: test_schema; Owner: test_user
--

ALTER TABLE ONLY test_schema.release_status
    ADD CONSTRAINT standard_status_status_key UNIQUE (status);


--
-- Name: standard_version standard_version_pkey; Type: CONSTRAINT; Schema: test_schema; Owner: test_user
--

ALTER TABLE ONLY test_schema.standard_version
    ADD CONSTRAINT standard_version_pkey PRIMARY KEY (id);


--
-- Name: work_stream work_stream_abbreviation_key; Type: CONSTRAINT; Schema: test_schema; Owner: test_user
--

ALTER TABLE ONLY test_schema.work_stream
    ADD CONSTRAINT work_stream_abbreviation_key UNIQUE (abbreviation);


--
-- Name: work_stream work_stream_name_key; Type: CONSTRAINT; Schema: test_schema; Owner: test_user
--

ALTER TABLE ONLY test_schema.work_stream
    ADD CONSTRAINT work_stream_name_key UNIQUE (name);


--
-- Name: work_stream work_stream_pkey; Type: CONSTRAINT; Schema: test_schema; Owner: test_user
--

ALTER TABLE ONLY test_schema.work_stream
    ADD CONSTRAINT work_stream_pkey PRIMARY KEY (id);


--
-- Name: implementation implementation_organization_id_fkey; Type: FK CONSTRAINT; Schema: test_schema; Owner: test_user
--

ALTER TABLE ONLY test_schema.implementation
    ADD CONSTRAINT implementation_organization_id_fkey FOREIGN KEY (organization_id) REFERENCES test_schema.organization(id) ON UPDATE CASCADE;


--
-- Name: implementation implementation_standard_version_id_fkey; Type: FK CONSTRAINT; Schema: test_schema; Owner: test_user
--

ALTER TABLE ONLY test_schema.implementation
    ADD CONSTRAINT implementation_standard_version_id_fkey FOREIGN KEY (standard_version_id) REFERENCES test_schema.standard_version(id);


--
-- Name: standard standard_release_status_id_fkey; Type: FK CONSTRAINT; Schema: test_schema; Owner: test_user
--

ALTER TABLE ONLY test_schema.standard
    ADD CONSTRAINT standard_release_status_id_fkey FOREIGN KEY (release_status_id) REFERENCES test_schema.release_status(id) ON UPDATE CASCADE;


--
-- Name: standard standard_standard_category_id_fkey; Type: FK CONSTRAINT; Schema: test_schema; Owner: test_user
--

ALTER TABLE ONLY test_schema.standard
    ADD CONSTRAINT standard_standard_category_id_fkey FOREIGN KEY (standard_category_id) REFERENCES test_schema.standard_category(id) ON UPDATE CASCADE;


--
-- Name: standard_version standard_version_release_status_id_fkey; Type: FK CONSTRAINT; Schema: test_schema; Owner: test_user
--

ALTER TABLE ONLY test_schema.standard_version
    ADD CONSTRAINT standard_version_release_status_id_fkey FOREIGN KEY (release_status_id) REFERENCES test_schema.release_status(id) ON UPDATE CASCADE;


--
-- Name: standard_version standard_version_standard_id_fkey; Type: FK CONSTRAINT; Schema: test_schema; Owner: test_user
--

ALTER TABLE ONLY test_schema.standard_version
    ADD CONSTRAINT standard_version_standard_id_fkey FOREIGN KEY (standard_id) REFERENCES test_schema.standard(id) ON UPDATE CASCADE;


--
-- Name: standard standard_work_stream_id_fkey; Type: FK CONSTRAINT; Schema: test_schema; Owner: test_user
--

ALTER TABLE ONLY test_schema.standard
    ADD CONSTRAINT standard_work_stream_id_fkey FOREIGN KEY (work_stream_id) REFERENCES test_schema.work_stream(id) ON UPDATE CASCADE;


--
-- PostgreSQL database dump complete
--

